transect_id,year,position_m,intersection_found,intersection_method,candidate_count,sign_convention
T001,2016,,False,no_intersection,0,"positivo=hacia el lado left de la línea base; si ese lado es tierra, positivo=retroceso y negativo=acreción"
T001,2017,-80.34842045118626,True,single_point,1,"positivo=hacia el lado left de la línea base; si ese lado es tierra, positivo=retroceso y negativo=acreción"
T001,2018,,False,no_intersection,0,"positivo=hacia el lado left de la línea base; si ese lado es tierra, positivo=retroceso y negativo=acreción"
T001,2019,,False,no_intersection,0,"positivo=hacia el lado left de la línea base; si ese lado es tierra, positivo=retroceso y negativo=acreción"
T001,2020,,False,no_intersection,0,"positivo=hacia el lado left de la línea base; si ese lado es tierra, positivo=retroceso y negativo=acreción"
T001,2021,,False,no_intersection,0,"positivo=hacia el lado left de la línea base; si ese lado es tierra, positivo=retroceso y negativo=acreción"
T001,2022,,False,no_intersection,0,"positivo=hacia el lado left de la línea base; si ese lado es tierra, positivo=retroceso y negativo=acreción"
T001,2023,,False,no_intersection,0,"positivo=hacia el lado left de la línea base; si ese lado es tierra, positivo=retroceso y negativo=acreción"
T001,2024,,False,no_intersection,0,"positivo=hacia el lado left de la línea base; si ese lado es tierra, positivo=retroceso y negativo=acreción"
T001,2025,,False,no_intersection,0,"positivo=hacia el lado left de la línea base; si ese lado es tierra, positivo=retroceso y negativo=acreción"
T001,2026,,False,no_intersection,0,"positivo=hacia el lado left de la línea base; si ese lado es tierra, positivo=retroceso y negativo=acreción"
T002,2016,4.551639988507229,True,single_point,1,"positivo=hacia el lado left de la línea base; si ese lado es tierra, positivo=retroceso y negativo=acreción"
T002,2017,,False,no_intersection,0,"positivo=hacia el lado left de la línea base; si ese lado es tierra, positivo=retroceso y negativo=acreción"
T002,2018,-95.11201587116057,True,single_point,1,"positivo=hacia el lado left de la línea base; si ese lado es tierra, positivo=retroceso y negativo=acreción"
T002,2019,-23.02502935178906,True,single_point,1,"positivo=hacia el lado left de la línea base; si ese lado es tierra, positivo=retroceso y negativo=acreción"
T002,2020,-17.720541262230988,True,single_point,1,"positivo=hacia el lado left de la línea base; si ese lado es tierra, positivo=retroceso y negativo=acreción"
T002,2021,-39.68111829791735,True,nearest_of_multiple,3,"positivo=hacia el lado left de la línea base; si ese lado es tierra, positivo=retroceso y negativo=acreción"
T002,2022,,False,no_intersection,0,"positivo=hacia el lado left de la línea base; si ese lado es tierra, positivo=retroceso y negativo=acreción"
T002,2023,,False,no_intersection,0,"positivo=hacia el lado left de la línea base; si ese lado es tierra, positivo=retroceso y negativo=acreción"
T002,2024,-37.49103985517497,True,single_point,1,"positivo=hacia el lado left de la línea base; si ese lado es tierra, positivo=retroceso y negativo=acreción"
T002,2025,-75.3030086805163,True,single_point,1,"positivo=hacia el lado left de la línea base; si ese lado es tierra, positivo=retroceso y negativo=acreción"
T002,2026,-21.85631301811368,True,single_point,1,"positivo=hacia el lado left de la línea base; si ese lado es tierra, positivo=retroceso y negativo=acreción"
T003,2016,-7.885548554173921,True,single_point,1,"positivo=hacia el lado left de la línea base; si ese lado es tierra, positivo=retroceso y negativo=acreción"
T003,2017,,False,no_intersection,0,"positivo=hacia el lado left de la línea base; si ese lado es tierra, positivo=retroceso y negativo=acreción"
T003,2018,-92.96327315517786,True,single_point,1,"positivo=hacia el lado left de la línea base; si ese lado es tierra, positivo=retroceso y negativo=acreción"
T003,2019,-9.035687968948471,True,single_point,1,"positivo=hacia el lado left de la línea base; si ese lado es tierra, positivo=retroceso y negativo=acreción"
T003,2020,-19.93585978318358,True,single_point,1,"positivo=hacia el lado left de la línea base; si ese lado es tierra, positivo=retroceso y negativo=acreción"
T003,2021,-60.19347868311462,True,single_point,1,"positivo=hacia el lado left de la línea base; si ese lado es tierra, positivo=retroceso y negativo=acreción"
T003,2022,,False,no_intersection,0,"positivo=hacia el lado left de la línea base; si ese lado es tierra, positivo=retroceso y negativo=acreción"
T003,2023,,False,no_intersection,0,"positivo=hacia el lado left de la línea base; si ese lado es tierra, positivo=retroceso y negativo=acreción"
T003,2024,-38.31035981871133,True,single_point,1,"positivo=hacia el lado left de la línea base; si ese lado es tierra, positivo=retroceso y negativo=acreción"
T003,2025,-77.36955412963131,True,single_point,1,"positivo=hacia el lado left de la línea base; si ese lado es tierra, positivo=retroceso y negativo=acreción"
T003,2026,-24.496963198383668,True,single_point,1,"positivo=hacia el lado left de la línea base; si ese lado es tierra, positivo=retroceso y negativo=acreción"
T004,2016,-2.8996139494502526,True,single_point,1,"positivo=hacia el lado left de la línea base; si ese lado es tierra, positivo=retroceso y negativo=acreción"
T004,2017,,False,no_intersection,0,"positivo=hacia el lado left de la línea base; si ese lado es tierra, positivo=retroceso y negativo=acreción"
T004,2018,-92.46418934997862,True,single_point,1,"positivo=hacia el lado left de la línea base; si ese lado es tierra, positivo=retroceso y negativo=acreción"
T004,2019,-2.082301469169843,True,single_point,1,"positivo=hacia el lado left de la línea base; si ese lado es tierra, positivo=retroceso y negativo=acreción"
T004,2020,-19.948323834141235,True,single_point,1,"positivo=hacia el lado left de la línea base; si ese lado es tierra, positivo=retroceso y negativo=acreción"
T004,2021,-60.0251154724547,True,single_point,1,"positivo=hacia el lado left de la línea base; si ese lado es tierra, positivo=retroceso y negativo=acreción"
T004,2022,,False,no_intersection,0,"positivo=hacia el lado left de la línea base; si ese lado es tierra, positivo=retroceso y negativo=acreción"
T004,2023,,False,no_intersection,0,"positivo=hacia el lado left de la línea base; si ese lado es tierra, positivo=retroceso y negativo=acreción"
T004,2024,-42.8123613253463,True,single_point,1,"positivo=hacia el lado left de la línea base; si ese lado es tierra, positivo=retroceso y negativo=acreción"
T004,2025,-79.66674941044485,True,single_point,1,"positivo=hacia el lado left de la línea base; si ese lado es tierra, positivo=retroceso y negativo=acreción"
T004,2026,-31.712821554121202,True,single_point,1,"positivo=hacia el lado left de la línea base; si ese lado es tierra, positivo=retroceso y negativo=acreción"
T005,2016,0.9144428381001117,True,single_point,1,"positivo=hacia el lado left de la línea base; si ese lado es tierra, positivo=retroceso y negativo=acreción"
T005,2017,,False,no_intersection,0,"positivo=hacia el lado left de la línea base; si ese lado es tierra, positivo=retroceso y negativo=acreción"
T005,2018,-86.33068842303368,True,single_point,1,"positivo=hacia el lado left de la línea base; si ese lado es tierra, positivo=retroceso y negativo=acreción"
T005,2019,3.150022222160429,True,single_point,1,"positivo=hacia el lado left de la línea base; si ese lado es tierra, positivo=retroceso y negativo=acreción"
T005,2020,-17.061980091880876,True,single_point,1,"positivo=hacia el lado left de la línea base; si ese lado es tierra, positivo=retroceso y negativo=acreción"
T005,2021,-53.464769463941515,True,single_point,1,"positivo=hacia el lado left de la línea base; si ese lado es tierra, positivo=retroceso y negativo=acreción"
T005,2022,,False,no_intersection,0,"positivo=hacia el lado left de la línea base; si ese lado es tierra, positivo=retroceso y negativo=acreción"
T005,2023,,False,no_intersection,0,"positivo=hacia el lado left de la línea base; si ese lado es tierra, positivo=retroceso y negativo=acreción"
T005,2024,-42.52316206257964,True,single_point,1,"positivo=hacia el lado left de la línea base; si ese lado es tierra, positivo=retroceso y negativo=acreción"
T005,2025,-80.62602701287939,True,single_point,1,"positivo=hacia el lado left de la línea base; si ese lado es tierra, positivo=retroceso y negativo=acreción"
T005,2026,-34.01463548305236,True,single_point,1,"positivo=hacia el lado left de la línea base; si ese lado es tierra, positivo=retroceso y negativo=acreción"
T006,2016,8.041806786471952,True,single_point,1,"positivo=hacia el lado left de la línea base; si ese lado es tierra, positivo=retroceso y negativo=acreción"
T006,2017,-76.92533212077035,True,single_point,1,"positivo=hacia el lado left de la línea base; si ese lado es tierra, positivo=retroceso y negativo=acreción"
T006,2018,-72.23750687961059,True,single_point,1,"positivo=hacia el lado left de la línea base; si ese lado es tierra, positivo=retroceso y negativo=acreción"
T006,2019,0.4063574254744989,True,single_point,1,"positivo=hacia el lado left de la línea base; si ese lado es tierra, positivo=retroceso y negativo=acreción"
T006,2020,-16.488297290728823,True,single_point,1,"positivo=hacia el lado left de la línea base; si ese lado es tierra, positivo=retroceso y negativo=acreción"
T006,2021,-45.5695612934051,True,single_point,1,"positivo=hacia el lado left de la línea base; si ese lado es tierra, positivo=retroceso y negativo=acreción"
T006,2022,,False,no_intersection,0,"positivo=hacia el lado left de la línea base; si ese lado es tierra, positivo=retroceso y negativo=acreción"
T006,2023,,False,no_intersection,0,"positivo=hacia el lado left de la línea base; si ese lado es tierra, positivo=retroceso y negativo=acreción"
T006,2024,-42.3808525627316,True,single_point,1,"positivo=hacia el lado left de la línea base; si ese lado es tierra, positivo=retroceso y negativo=acreción"
T006,2025,-76.10285336867406,True,single_point,1,"positivo=hacia el lado left de la línea base; si ese lado es tierra, positivo=retroceso y negativo=acreción"
T006,2026,-29.850025631467155,True,single_point,1,"positivo=hacia el lado left de la línea base; si ese lado es tierra, positivo=retroceso y negativo=acreción"
T007,2016,10.976017776337969,True,single_point,1,"positivo=hacia el lado left de la línea base; si ese lado es tierra, positivo=retroceso y negativo=acreción"
T007,2017,-48.70106182274479,True,single_point,1,"positivo=hacia el lado left de la línea base; si ese lado es tierra, positivo=retroceso y negativo=acreción"
T007,2018,-60.13590099076786,True,single_point,1,"positivo=hacia el lado left de la línea base; si ese lado es tierra, positivo=retroceso y negativo=acreción"
T007,2019,-3.6407694942413142,True,single_point,1,"positivo=hacia el lado left de la línea base; si ese lado es tierra, positivo=retroceso y negativo=acreción"
T007,2020,-21.01342167390903,True,single_point,1,"positivo=hacia el lado left de la línea base; si ese lado es tierra, positivo=retroceso y negativo=acreción"
T007,2021,-50.33352412125605,True,single_point,1,"positivo=hacia el lado left de la línea base; si ese lado es tierra, positivo=retroceso y negativo=acreción"
T007,2022,,False,no_intersection,0,"positivo=hacia el lado left de la línea base; si ese lado es tierra, positivo=retroceso y negativo=acreción"
T007,2023,,False,no_intersection,0,"positivo=hacia el lado left de la línea base; si ese lado es tierra, positivo=retroceso y negativo=acreción"
T007,2024,-43.114291774820856,True,single_point,1,"positivo=hacia el lado left de la línea base; si ese lado es tierra, positivo=retroceso y negativo=acreción"
T007,2025,-72.2098188228365,True,single_point,1,"positivo=hacia el lado left de la línea base; si ese lado es tierra, positivo=retroceso y negativo=acreción"
T007,2026,-27.001858135003943,True,single_point,1,"positivo=hacia el lado left de la línea base; si ese lado es tierra, positivo=retroceso y negativo=acreción"
T008,2016,4.664771234202114,True,single_point,1,"positivo=hacia el lado left de la línea base; si ese lado es tierra, positivo=retroceso y negativo=acreción"
T008,2017,-45.941565144938124,True,single_point,1,"positivo=hacia el lado left de la línea base; si ese lado es tierra, positivo=retroceso y negativo=acreción"
T008,2018,-63.72728281314505,True,single_point,1,"positivo=hacia el lado left de la línea base; si ese lado es tierra, positivo=retroceso y negativo=acreción"
T008,2019,-13.306785560736046,True,single_point,1,"positivo=hacia el lado left de la línea base; si ese lado es tierra, positivo=retroceso y negativo=acreción"
T008,2020,-18.776619777814933,True,single_point,1,"positivo=hacia el lado left de la línea base; si ese lado es tierra, positivo=retroceso y negativo=acreción"
T008,2021,-49.07085772033552,True,single_point,1,"positivo=hacia el lado left de la línea base; si ese lado es tierra, positivo=retroceso y negativo=acreción"
T008,2022,,False,no_intersection,0,"positivo=hacia el lado left de la línea base; si ese lado es tierra, positivo=retroceso y negativo=acreción"
T008,2023,,False,no_intersection,0,"positivo=hacia el lado left de la línea base; si ese lado es tierra, positivo=retroceso y negativo=acreción"
T008,2024,-40.957554978005774,True,single_point,1,"positivo=hacia el lado left de la línea base; si ese lado es tierra, positivo=retroceso y negativo=acreción"
T008,2025,-76.4690050437943,True,single_point,1,"positivo=hacia el lado left de la línea base; si ese lado es tierra, positivo=retroceso y negativo=acreción"
T008,2026,-33.008258732403156,True,single_point,1,"positivo=hacia el lado left de la línea base; si ese lado es tierra, positivo=retroceso y negativo=acreción"
T009,2016,0.34075702686835063,True,single_point,1,"positivo=hacia el lado left de la línea base; si ese lado es tierra, positivo=retroceso y negativo=acreción"
T009,2017,-44.8019820026528,True,single_point,1,"positivo=hacia el lado left de la línea base; si ese lado es tierra, positivo=retroceso y negativo=acreción"
T009,2018,-78.4032768296123,True,single_point,1,"positivo=hacia el lado left de la línea base; si ese lado es tierra, positivo=retroceso y negativo=acreción"
T009,2019,-9.776175645576767,True,single_point,1,"positivo=hacia el lado left de la línea base; si ese lado es tierra, positivo=retroceso y negativo=acreción"
T009,2020,-9.167426260509595,True,single_point,1,"positivo=hacia el lado left de la línea base; si ese lado es tierra, positivo=retroceso y negativo=acreción"
T009,2021,-43.166280917626466,True,single_point,1,"positivo=hacia el lado left de la línea base; si ese lado es tierra, positivo=retroceso y negativo=acreción"
T009,2022,-82.28350994455776,True,single_point,1,"positivo=hacia el lado left de la línea base; si ese lado es tierra, positivo=retroceso y negativo=acreción"
T009,2023,,False,no_intersection,0,"positivo=hacia el lado left de la línea base; si ese lado es tierra, positivo=retroceso y negativo=acreción"
T009,2024,-30.47373858371867,True,single_point,1,"positivo=hacia el lado left de la línea base; si ese lado es tierra, positivo=retroceso y negativo=acreción"
T009,2025,,False,no_intersection,0,"positivo=hacia el lado left de la línea base; si ese lado es tierra, positivo=retroceso y negativo=acreción"
T009,2026,-33.33258170610951,True,single_point,1,"positivo=hacia el lado left de la línea base; si ese lado es tierra, positivo=retroceso y negativo=acreción"
T010,2016,-3.3125716309791957,True,single_point,1,"positivo=hacia el lado left de la línea base; si ese lado es tierra, positivo=retroceso y negativo=acreción"
T010,2017,-31.262507716931758,True,single_point,1,"positivo=hacia el lado left de la línea base; si ese lado es tierra, positivo=retroceso y negativo=acreción"
T010,2018,-84.48336653816028,True,single_point,1,"positivo=hacia el lado left de la línea base; si ese lado es tierra, positivo=retroceso y negativo=acreción"
T010,2019,-4.199522081070688,True,single_point,1,"positivo=hacia el lado left de la línea base; si ese lado es tierra, positivo=retroceso y negativo=acreción"
T010,2020,2.5802660114582396,True,single_point,1,"positivo=hacia el lado left de la línea base; si ese lado es tierra, positivo=retroceso y negativo=acreción"
T010,2021,-25.308870911711885,True,single_point,1,"positivo=hacia el lado left de la línea base; si ese lado es tierra, positivo=retroceso y negativo=acreción"
T010,2022,,False,no_intersection,0,"positivo=hacia el lado left de la línea base; si ese lado es tierra, positivo=retroceso y negativo=acreción"
T010,2023,,False,no_intersection,0,"positivo=hacia el lado left de la línea base; si ese lado es tierra, positivo=retroceso y negativo=acreción"
T010,2024,-28.83161741982913,True,single_point,1,"positivo=hacia el lado left de la línea base; si ese lado es tierra, positivo=retroceso y negativo=acreción"
T010,2025,,False,no_intersection,0,"positivo=hacia el lado left de la línea base; si ese lado es tierra, positivo=retroceso y negativo=acreción"
T010,2026,-26.886317288100404,True,single_point,1,"positivo=hacia el lado left de la línea base; si ese lado es tierra, positivo=retroceso y negativo=acreción"
T011,2016,-1.987067392286483,True,single_point,1,"positivo=hacia el lado left de la línea base; si ese lado es tierra, positivo=retroceso y negativo=acreción"
T011,2017,-44.07930615857725,True,single_point,1,"positivo=hacia el lado left de la línea base; si ese lado es tierra, positivo=retroceso y negativo=acreción"
T011,2018,-87.89827720440479,True,single_point,1,"positivo=hacia el lado left de la línea base; si ese lado es tierra, positivo=retroceso y negativo=acreción"
T011,2019,17.6663698337667,True,single_point,1,"positivo=hacia el lado left de la línea base; si ese lado es tierra, positivo=retroceso y negativo=acreción"
T011,2020,-10.631567586760653,True,single_point,1,"positivo=hacia el lado left de la línea base; si ese lado es tierra, positivo=retroceso y negativo=acreción"
T011,2021,-30.17234380110991,True,single_point,1,"positivo=hacia el lado left de la línea base; si ese lado es tierra, positivo=retroceso y negativo=acreción"
T011,2022,-95.23678492070388,True,single_point,1,"positivo=hacia el lado left de la línea base; si ese lado es tierra, positivo=retroceso y negativo=acreción"
T011,2023,,False,no_intersection,0,"positivo=hacia el lado left de la línea base; si ese lado es tierra, positivo=retroceso y negativo=acreción"
T011,2024,-30.843946246248763,True,single_point,1,"positivo=hacia el lado left de la línea base; si ese lado es tierra, positivo=retroceso y negativo=acreción"
T011,2025,,False,no_intersection,0,"positivo=hacia el lado left de la línea base; si ese lado es tierra, positivo=retroceso y negativo=acreción"
T011,2026,-22.326752966269297,True,single_point,1,"positivo=hacia el lado left de la línea base; si ese lado es tierra, positivo=retroceso y negativo=acreción"
T012,2016,3.7995451289594517,True,single_point,1,"positivo=hacia el lado left de la línea base; si ese lado es tierra, positivo=retroceso y negativo=acreción"
T012,2017,-26.354955569420973,True,single_point,1,"positivo=hacia el lado left de la línea base; si ese lado es tierra, positivo=retroceso y negativo=acreción"
T012,2018,-84.67177146426553,True,single_point,1,"positivo=hacia el lado left de la línea base; si ese lado es tierra, positivo=retroceso y negativo=acreción"
T012,2019,22.806096510624624,True,single_point,1,"positivo=hacia el lado left de la línea base; si ese lado es tierra, positivo=retroceso y negativo=acreción"
T012,2020,-15.331438419124076,True,single_point,1,"positivo=hacia el lado left de la línea base; si ese lado es tierra, positivo=retroceso y negativo=acreción"
T012,2021,-30.06468976051655,True,single_point,1,"positivo=hacia el lado left de la línea base; si ese lado es tierra, positivo=retroceso y negativo=acreción"
T012,2022,-84.97976316732597,True,single_point,1,"positivo=hacia el lado left de la línea base; si ese lado es tierra, positivo=retroceso y negativo=acreción"
T012,2023,,False,no_intersection,0,"positivo=hacia el lado left de la línea base; si ese lado es tierra, positivo=retroceso y negativo=acreción"
T012,2024,-31.61819397054724,True,single_point,1,"positivo=hacia el lado left de la línea base; si ese lado es tierra, positivo=retroceso y negativo=acreción"
T012,2025,-94.12902577807795,True,single_point,1,"positivo=hacia el lado left de la línea base; si ese lado es tierra, positivo=retroceso y negativo=acreción"
T012,2026,-17.978837074518324,True,single_point,1,"positivo=hacia el lado left de la línea base; si ese lado es tierra, positivo=retroceso y negativo=acreción"
T013,2016,-1.340052831864773,True,single_point,1,"positivo=hacia el lado left de la línea base; si ese lado es tierra, positivo=retroceso y negativo=acreción"
T013,2017,-25.032417874540446,True,single_point,1,"positivo=hacia el lado left de la línea base; si ese lado es tierra, positivo=retroceso y negativo=acreción"
T013,2018,-84.01287397486198,True,single_point,1,"positivo=hacia el lado left de la línea base; si ese lado es tierra, positivo=retroceso y negativo=acreción"
T013,2019,14.186334407450364,True,single_point,1,"positivo=hacia el lado left de la línea base; si ese lado es tierra, positivo=retroceso y negativo=acreción"
T013,2020,-14.057445587567383,True,single_point,1,"positivo=hacia el lado left de la línea base; si ese lado es tierra, positivo=retroceso y negativo=acreción"
T013,2021,-39.49948040942547,True,single_point,1,"positivo=hacia el lado left de la línea base; si ese lado es tierra, positivo=retroceso y negativo=acreción"
T013,2022,,False,no_intersection,0,"positivo=hacia el lado left de la línea base; si ese lado es tierra, positivo=retroceso y negativo=acreción"
T013,2023,,False,no_intersection,0,"positivo=hacia el lado left de la línea base; si ese lado es tierra, positivo=retroceso y negativo=acreción"
T013,2024,-38.780171965447984,True,single_point,1,"positivo=hacia el lado left de la línea base; si ese lado es tierra, positivo=retroceso y negativo=acreción"
T013,2025,,False,no_intersection,0,"positivo=hacia el lado left de la línea base; si ese lado es tierra, positivo=retroceso y negativo=acreción"
T013,2026,-28.44415924444233,True,single_point,1,"positivo=hacia el lado left de la línea base; si ese lado es tierra, positivo=retroceso y negativo=acreción"
T014,2016,-9.08648371093236,True,single_point,1,"positivo=hacia el lado left de la línea base; si ese lado es tierra, positivo=retroceso y negativo=acreción"
T014,2017,-27.63763690233841,True,single_point,1,"positivo=hacia el lado left de la línea base; si ese lado es tierra, positivo=retroceso y negativo=acreción"
T014,2018,-89.85262587472326,True,single_point,1,"positivo=hacia el lado left de la línea base; si ese lado es tierra, positivo=retroceso y negativo=acreción"
T014,2019,6.742904871581576,True,single_point,1,"positivo=hacia el lado left de la línea base; si ese lado es tierra, positivo=retroceso y negativo=acreción"
T014,2020,-6.912023720883635,True,single_point,1,"positivo=hacia el lado left de la línea base; si ese lado es tierra, positivo=retroceso y negativo=acreción"
T014,2021,-70.38373695563708,True,single_point,1,"positivo=hacia el lado left de la línea base; si ese lado es tierra, positivo=retroceso y negativo=acreción"
T014,2022,,False,no_intersection,0,"positivo=hacia el lado left de la línea base; si ese lado es tierra, positivo=retroceso y negativo=acreción"
T014,2023,,False,no_intersection,0,"positivo=hacia el lado left de la línea base; si ese lado es tierra, positivo=retroceso y negativo=acreción"
T014,2024,-47.50185832392497,True,single_point,1,"positivo=hacia el lado left de la línea base; si ese lado es tierra, positivo=retroceso y negativo=acreción"
T014,2025,,False,no_intersection,0,"positivo=hacia el lado left de la línea base; si ese lado es tierra, positivo=retroceso y negativo=acreción"
T014,2026,-30.97284369812226,True,single_point,1,"positivo=hacia el lado left de la línea base; si ese lado es tierra, positivo=retroceso y negativo=acreción"
T015,2016,-14.910759747852245,True,single_point,1,"positivo=hacia el lado left de la línea base; si ese lado es tierra, positivo=retroceso y negativo=acreción"
T015,2017,-38.053446875236105,True,single_point,1,"positivo=hacia el lado left de la línea base; si ese lado es tierra, positivo=retroceso y negativo=acreción"
T015,2018,,False,no_intersection,0,"positivo=hacia el lado left de la línea base; si ese lado es tierra, positivo=retroceso y negativo=acreción"
T015,2019,-14.765038685280253,True,single_point,1,"positivo=hacia el lado left de la línea base; si ese lado es tierra, positivo=retroceso y negativo=acreción"
T015,2020,-3.9448914121727405,True,single_point,1,"positivo=hacia el lado left de la línea base; si ese lado es tierra, positivo=retroceso y negativo=acreción"
T015,2021,-69.68916867194298,True,single_point,1,"positivo=hacia el lado left de la línea base; si ese lado es tierra, positivo=retroceso y negativo=acreción"
T015,2022,,False,no_intersection,0,"positivo=hacia el lado left de la línea base; si ese lado es tierra, positivo=retroceso y negativo=acreción"
T015,2023,,False,no_intersection,0,"positivo=hacia el lado left de la línea base; si ese lado es tierra, positivo=retroceso y negativo=acreción"
T015,2024,-44.58977428006222,True,single_point,1,"positivo=hacia el lado left de la línea base; si ese lado es tierra, positivo=retroceso y negativo=acreción"
T015,2025,,False,no_intersection,0,"positivo=hacia el lado left de la línea base; si ese lado es tierra, positivo=retroceso y negativo=acreción"
T015,2026,-41.77440129075701,True,single_point,1,"positivo=hacia el lado left de la línea base; si ese lado es tierra, positivo=retroceso y negativo=acreción"
T016,2016,-13.018489414188075,True,single_point,1,"positivo=hacia el lado left de la línea base; si ese lado es tierra, positivo=retroceso y negativo=acreción"
T016,2017,-39.172554043297225,True,single_point,1,"positivo=hacia el lado left de la línea base; si ese lado es tierra, positivo=retroceso y negativo=acreción"
T016,2018,,False,no_intersection,0,"positivo=hacia el lado left de la línea base; si ese lado es tierra, positivo=retroceso y negativo=acreción"
T016,2019,-23.101791820247872,True,single_point,1,"positivo=hacia el lado left de la línea base; si ese lado es tierra, positivo=retroceso y negativo=acreción"
T016,2020,-6.738764577299618,True,single_point,1,"positivo=hacia el lado left de la línea base; si ese lado es tierra, positivo=retroceso y negativo=acreción"
T016,2021,-51.04047658084509,True,single_point,1,"positivo=hacia el lado left de la línea base; si ese lado es tierra, positivo=retroceso y negativo=acreción"
T016,2022,,False,no_intersection,0,"positivo=hacia el lado left de la línea base; si ese lado es tierra, positivo=retroceso y negativo=acreción"
T016,2023,,False,no_intersection,0,"positivo=hacia el lado left de la línea base; si ese lado es tierra, positivo=retroceso y negativo=acreción"
T016,2024,-46.83029584833994,True,single_point,1,"positivo=hacia el lado left de la línea base; si ese lado es tierra, positivo=retroceso y negativo=acreción"
T016,2025,,False,no_intersection,0,"positivo=hacia el lado left de la línea base; si ese lado es tierra, positivo=retroceso y negativo=acreción"
T016,2026,-45.91029374592333,True,single_point,1,"positivo=hacia el lado left de la línea base; si ese lado es tierra, positivo=retroceso y negativo=acreción"
T017,2016,-6.4998682663810765,True,single_point,1,"positivo=hacia el lado left de la línea base; si ese lado es tierra, positivo=retroceso y negativo=acreción"
T017,2017,-23.34224226190542,True,single_point,1,"positivo=hacia el lado left de la línea base; si ese lado es tierra, positivo=retroceso y negativo=acreción"
T017,2018,,False,no_intersection,0,"positivo=hacia el lado left de la línea base; si ese lado es tierra, positivo=retroceso y negativo=acreción"
T017,2019,-13.999234946102492,True,single_point,1,"positivo=hacia el lado left de la línea base; si ese lado es tierra, positivo=retroceso y negativo=acreción"
T017,2020,-3.449169657634564,True,single_point,1,"positivo=hacia el lado left de la línea base; si ese lado es tierra, positivo=retroceso y negativo=acreción"
T017,2021,-52.09351556143214,True,single_point,1,"positivo=hacia el lado left de la línea base; si ese lado es tierra, positivo=retroceso y negativo=acreción"
T017,2022,-82.09178679690183,True,single_point,1,"positivo=hacia el lado left de la línea base; si ese lado es tierra, positivo=retroceso y negativo=acreción"
T017,2023,,False,no_intersection,0,"positivo=hacia el lado left de la línea base; si ese lado es tierra, positivo=retroceso y negativo=acreción"
T017,2024,-39.29992772711581,True,single_point,1,"positivo=hacia el lado left de la línea base; si ese lado es tierra, positivo=retroceso y negativo=acreción"
T017,2025,,False,no_intersection,0,"positivo=hacia el lado left de la línea base; si ese lado es tierra, positivo=retroceso y negativo=acreción"
T017,2026,-30.50229524858643,True,single_point,1,"positivo=hacia el lado left de la línea base; si ese lado es tierra, positivo=retroceso y negativo=acreción"
T018,2016,7.188498554536191,True,single_point,1,"positivo=hacia el lado left de la línea base; si ese lado es tierra, positivo=retroceso y negativo=acreción"
T018,2017,4.692684881049519,True,single_point,1,"positivo=hacia el lado left de la línea base; si ese lado es tierra, positivo=retroceso y negativo=acreción"
T018,2018,-59.72410216644982,True,single_point,1,"positivo=hacia el lado left de la línea base; si ese lado es tierra, positivo=retroceso y negativo=acreción"
T018,2019,-0.4422547533830159,True,single_point,1,"positivo=hacia el lado left de la línea base; si ese lado es tierra, positivo=retroceso y negativo=acreción"
T018,2020,11.474318023078569,True,single_point,1,"positivo=hacia el lado left de la línea base; si ese lado es tierra, positivo=retroceso y negativo=acreción"
T018,2021,-64.34690734590696,True,single_point,1,"positivo=hacia el lado left de la línea base; si ese lado es tierra, positivo=retroceso y negativo=acreción"
T018,2022,-71.64886441364227,True,single_point,1,"positivo=hacia el lado left de la línea base; si ese lado es tierra, positivo=retroceso y negativo=acreción"
T018,2023,,False,no_intersection,0,"positivo=hacia el lado left de la línea base; si ese lado es tierra, positivo=retroceso y negativo=acreción"
T018,2024,-35.045226402045415,True,single_point,1,"positivo=hacia el lado left de la línea base; si ese lado es tierra, positivo=retroceso y negativo=acreción"
T018,2025,,False,no_intersection,0,"positivo=hacia el lado left de la línea base; si ese lado es tierra, positivo=retroceso y negativo=acreción"
T018,2026,-17.051115220880348,True,single_point,1,"positivo=hacia el lado left de la línea base; si ese lado es tierra, positivo=retroceso y negativo=acreción"
T019,2016,11.884145999909222,True,single_point,1,"positivo=hacia el lado left de la línea base; si ese lado es tierra, positivo=retroceso y negativo=acreción"
T019,2017,11.732878007777135,True,single_point,1,"positivo=hacia el lado left de la línea base; si ese lado es tierra, positivo=retroceso y negativo=acreción"
T019,2018,-51.879199193397326,True,single_point,1,"positivo=hacia el lado left de la línea base; si ese lado es tierra, positivo=retroceso y negativo=acreción"
T019,2019,13.093970836979665,True,single_point,1,"positivo=hacia el lado left de la línea base; si ese lado es tierra, positivo=retroceso y negativo=acreción"
T019,2020,13.458199169668523,True,single_point,1,"positivo=hacia el lado left de la línea base; si ese lado es tierra, positivo=retroceso y negativo=acreción"
T019,2021,-77.11209401086205,True,single_point,1,"positivo=hacia el lado left de la línea base; si ese lado es tierra, positivo=retroceso y negativo=acreción"
T019,2022,-99.60340660197258,True,single_point,1,"positivo=hacia el lado left de la línea base; si ese lado es tierra, positivo=retroceso y negativo=acreción"
T019,2023,,False,no_intersection,0,"positivo=hacia el lado left de la línea base; si ese lado es tierra, positivo=retroceso y negativo=acreción"
T019,2024,-34.34687077790521,True,single_point,1,"positivo=hacia el lado left de la línea base; si ese lado es tierra, positivo=retroceso y negativo=acreción"
T019,2025,,False,no_intersection,0,"positivo=hacia el lado left de la línea base; si ese lado es tierra, positivo=retroceso y negativo=acreción"
T019,2026,-19.400545051443622,True,single_point,1,"positivo=hacia el lado left de la línea base; si ese lado es tierra, positivo=retroceso y negativo=acreción"
T020,2016,1.454490360145674,True,single_point,1,"positivo=hacia el lado left de la línea base; si ese lado es tierra, positivo=retroceso y negativo=acreción"
T020,2017,-2.506989498495847,True,single_point,1,"positivo=hacia el lado left de la línea base; si ese lado es tierra, positivo=retroceso y negativo=acreción"
T020,2018,-65.39709240596213,True,single_point,1,"positivo=hacia el lado left de la línea base; si ese lado es tierra, positivo=retroceso y negativo=acreción"
T020,2019,-7.772470607417778,True,single_point,1,"positivo=hacia el lado left de la línea base; si ese lado es tierra, positivo=retroceso y negativo=acreción"
T020,2020,0.20514696305418587,True,single_point,1,"positivo=hacia el lado left de la línea base; si ese lado es tierra, positivo=retroceso y negativo=acreción"
T020,2021,-79.86087265544518,True,single_point,1,"positivo=hacia el lado left de la línea base; si ese lado es tierra, positivo=retroceso y negativo=acreción"
T020,2022,,False,no_intersection,0,"positivo=hacia el lado left de la línea base; si ese lado es tierra, positivo=retroceso y negativo=acreción"
T020,2023,,False,no_intersection,0,"positivo=hacia el lado left de la línea base; si ese lado es tierra, positivo=retroceso y negativo=acreción"
T020,2024,-36.09744605561095,True,single_point,1,"positivo=hacia el lado left de la línea base; si ese lado es tierra, positivo=retroceso y negativo=acreción"
T020,2025,,False,no_intersection,0,"positivo=hacia el lado left de la línea base; si ese lado es tierra, positivo=retroceso y negativo=acreción"
T020,2026,-14.376966521801172,True,single_point,1,"positivo=hacia el lado left de la línea base; si ese lado es tierra, positivo=retroceso y negativo=acreción"
T021,2016,-2.998023026474151,True,single_point,1,"positivo=hacia el lado left de la línea base; si ese lado es tierra, positivo=retroceso y negativo=acreción"
T021,2017,-22.025291657475425,True,single_point,1,"positivo=hacia el lado left de la línea base; si ese lado es tierra, positivo=retroceso y negativo=acreción"
T021,2018,-67.853397289594,True,single_point,1,"positivo=hacia el lado left de la línea base; si ese lado es tierra, positivo=retroceso y negativo=acreción"
T021,2019,-12.182941485682951,True,single_point,1,"positivo=hacia el lado left de la línea base; si ese lado es tierra, positivo=retroceso y negativo=acreción"
T021,2020,-2.647606666728672,True,single_point,1,"positivo=hacia el lado left de la línea base; si ese lado es tierra, positivo=retroceso y negativo=acreción"
T021,2021,-37.280549749107415,True,single_point,1,"positivo=hacia el lado left de la línea base; si ese lado es tierra, positivo=retroceso y negativo=acreción"
T021,2022,,False,no_intersection,0,"positivo=hacia el lado left de la línea base; si ese lado es tierra, positivo=retroceso y negativo=acreción"
T021,2023,,False,no_intersection,0,"positivo=hacia el lado left de la línea base; si ese lado es tierra, positivo=retroceso y negativo=acreción"
T021,2024,-36.73457012885956,True,single_point,1,"positivo=hacia el lado left de la línea base; si ese lado es tierra, positivo=retroceso y negativo=acreción"
T021,2025,-88.6842555526552,True,single_point,1,"positivo=hacia el lado left de la línea base; si ese lado es tierra, positivo=retroceso y negativo=acreción"
T021,2026,-12.902828692583405,True,single_point,1,"positivo=hacia el lado left de la línea base; si ese lado es tierra, positivo=retroceso y negativo=acreción"
T022,2016,-6.891072902606245,True,single_point,1,"positivo=hacia el lado left de la línea base; si ese lado es tierra, positivo=retroceso y negativo=acreción"
T022,2017,-60.20062836789796,True,single_point,1,"positivo=hacia el lado left de la línea base; si ese lado es tierra, positivo=retroceso y negativo=acreción"
T022,2018,-61.81313048089096,True,single_point,1,"positivo=hacia el lado left de la línea base; si ese lado es tierra, positivo=retroceso y negativo=acreción"
T022,2019,-12.417988741560116,True,single_point,1,"positivo=hacia el lado left de la línea base; si ese lado es tierra, positivo=retroceso y negativo=acreción"
T022,2020,-5.819204139735189,True,single_point,1,"positivo=hacia el lado left de la línea base; si ese lado es tierra, positivo=retroceso y negativo=acreción"
T022,2021,-40.82839324883928,True,single_point,1,"positivo=hacia el lado left de la línea base; si ese lado es tierra, positivo=retroceso y negativo=acreción"
T022,2022,-96.6495401314875,True,single_point,1,"positivo=hacia el lado left de la línea base; si ese lado es tierra, positivo=retroceso y negativo=acreción"
T022,2023,-64.36474794402184,True,single_point,1,"positivo=hacia el lado left de la línea base; si ese lado es tierra, positivo=retroceso y negativo=acreción"
T022,2024,-38.22437583715357,True,single_point,1,"positivo=hacia el lado left de la línea base; si ese lado es tierra, positivo=retroceso y negativo=acreción"
T022,2025,-83.14014192343339,True,single_point,1,"positivo=hacia el lado left de la línea base; si ese lado es tierra, positivo=retroceso y negativo=acreción"
T022,2026,-17.976700503694463,True,single_point,1,"positivo=hacia el lado left de la línea base; si ese lado es tierra, positivo=retroceso y negativo=acreción"
T023,2016,-18.45088165456038,True,single_point,1,"positivo=hacia el lado left de la línea base; si ese lado es tierra, positivo=retroceso y negativo=acreción"
T023,2017,-57.017809844370305,True,single_point,1,"positivo=hacia el lado left de la línea base; si ese lado es tierra, positivo=retroceso y negativo=acreción"
T023,2018,-66.54878024227217,True,single_point,1,"positivo=hacia el lado left de la línea base; si ese lado es tierra, positivo=retroceso y negativo=acreción"
T023,2019,-9.406535690801077,True,single_point,1,"positivo=hacia el lado left de la línea base; si ese lado es tierra, positivo=retroceso y negativo=acreción"
T023,2020,-8.572196707623881,True,single_point,1,"positivo=hacia el lado left de la línea base; si ese lado es tierra, positivo=retroceso y negativo=acreción"
T023,2021,-42.26969188967135,True,single_point,1,"positivo=hacia el lado left de la línea base; si ese lado es tierra, positivo=retroceso y negativo=acreción"
T023,2022,-85.90438228102056,True,single_point,1,"positivo=hacia el lado left de la línea base; si ese lado es tierra, positivo=retroceso y negativo=acreción"
T023,2023,-57.64709713684134,True,single_point,1,"positivo=hacia el lado left de la línea base; si ese lado es tierra, positivo=retroceso y negativo=acreción"
T023,2024,-40.99021673243627,True,single_point,1,"positivo=hacia el lado left de la línea base; si ese lado es tierra, positivo=retroceso y negativo=acreción"
T023,2025,-78.11532841218526,True,single_point,1,"positivo=hacia el lado left de la línea base; si ese lado es tierra, positivo=retroceso y negativo=acreción"
T023,2026,-20.099317276312306,True,single_point,1,"positivo=hacia el lado left de la línea base; si ese lado es tierra, positivo=retroceso y negativo=acreción"
T024,2016,-11.385657687387074,True,single_point,1,"positivo=hacia el lado left de la línea base; si ese lado es tierra, positivo=retroceso y negativo=acreción"
T024,2017,-40.965972775725355,True,single_point,1,"positivo=hacia el lado left de la línea base; si ese lado es tierra, positivo=retroceso y negativo=acreción"
T024,2018,-68.10259734924685,True,single_point,1,"positivo=hacia el lado left de la línea base; si ese lado es tierra, positivo=retroceso y negativo=acreción"
T024,2019,-13.956946701460762,True,single_point,1,"positivo=hacia el lado left de la línea base; si ese lado es tierra, positivo=retroceso y negativo=acreción"
T024,2020,11.927071542684127,True,single_point,1,"positivo=hacia el lado left de la línea base; si ese lado es tierra, positivo=retroceso y negativo=acreción"
T024,2021,-38.69422217233908,True,single_point,1,"positivo=hacia el lado left de la línea base; si ese lado es tierra, positivo=retroceso y negativo=acreción"
T024,2022,-78.21177647395741,True,single_point,1,"positivo=hacia el lado left de la línea base; si ese lado es tierra, positivo=retroceso y negativo=acreción"
T024,2023,-50.41220361519021,True,single_point,1,"positivo=hacia el lado left de la línea base; si ese lado es tierra, positivo=retroceso y negativo=acreción"
T024,2024,-37.53572690024391,True,single_point,1,"positivo=hacia el lado left de la línea base; si ese lado es tierra, positivo=retroceso y negativo=acreción"
T024,2025,-75.87257353954458,True,single_point,1,"positivo=hacia el lado left de la línea base; si ese lado es tierra, positivo=retroceso y negativo=acreción"
T024,2026,-8.43109767475843,True,single_point,1,"positivo=hacia el lado left de la línea base; si ese lado es tierra, positivo=retroceso y negativo=acreción"
T025,2016,-3.548020335247667,True,single_point,1,"positivo=hacia el lado left de la línea base; si ese lado es tierra, positivo=retroceso y negativo=acreción"
T025,2017,-29.846186334754872,True,single_point,1,"positivo=hacia el lado left de la línea base; si ese lado es tierra, positivo=retroceso y negativo=acreción"
T025,2018,-60.17657470129795,True,single_point,1,"positivo=hacia el lado left de la línea base; si ese lado es tierra, positivo=retroceso y negativo=acreción"
T025,2019,9.128523654316712,True,single_point,1,"positivo=hacia el lado left de la línea base; si ese lado es tierra, positivo=retroceso y negativo=acreción"
T025,2020,21.32294064788269,True,single_point,1,"positivo=hacia el lado left de la línea base; si ese lado es tierra, positivo=retroceso y negativo=acreción"
T025,2021,-31.12665605116225,True,single_point,1,"positivo=hacia el lado left de la línea base; si ese lado es tierra, positivo=retroceso y negativo=acreción"
T025,2022,-71.6579591086514,True,single_point,1,"positivo=hacia el lado left de la línea base; si ese lado es tierra, positivo=retroceso y negativo=acreción"
T025,2023,-42.60032054410159,True,single_point,1,"positivo=hacia el lado left de la línea base; si ese lado es tierra, positivo=retroceso y negativo=acreción"
T025,2024,-34.56964368819355,True,single_point,1,"positivo=hacia el lado left de la línea base; si ese lado es tierra, positivo=retroceso y negativo=acreción"
T025,2025,-73.46394135697592,True,single_point,1,"positivo=hacia el lado left de la línea base; si ese lado es tierra, positivo=retroceso y negativo=acreción"
T025,2026,-6.10215597618255,True,single_point,1,"positivo=hacia el lado left de la línea base; si ese lado es tierra, positivo=retroceso y negativo=acreción"
T026,2016,-6.835038104340031,True,single_point,1,"positivo=hacia el lado left de la línea base; si ese lado es tierra, positivo=retroceso y negativo=acreción"
T026,2017,-8.221275267191757,True,single_point,1,"positivo=hacia el lado left de la línea base; si ese lado es tierra, positivo=retroceso y negativo=acreción"
T026,2018,-75.68183797699618,True,single_point,1,"positivo=hacia el lado left de la línea base; si ese lado es tierra, positivo=retroceso y negativo=acreción"
T026,2019,12.849330950552671,True,single_point,1,"positivo=hacia el lado left de la línea base; si ese lado es tierra, positivo=retroceso y negativo=acreción"
T026,2020,8.569055224318014,True,single_point,1,"positivo=hacia el lado left de la línea base; si ese lado es tierra, positivo=retroceso y negativo=acreción"
T026,2021,-37.93463814233006,True,single_point,1,"positivo=hacia el lado left de la línea base; si ese lado es tierra, positivo=retroceso y negativo=acreción"
T026,2022,-95.1337753039186,True,single_point,1,"positivo=hacia el lado left de la línea base; si ese lado es tierra, positivo=retroceso y negativo=acreción"
T026,2023,-48.60769001748442,True,single_point,1,"positivo=hacia el lado left de la línea base; si ese lado es tierra, positivo=retroceso y negativo=acreción"
T026,2024,-37.60235258579629,True,single_point,1,"positivo=hacia el lado left de la línea base; si ese lado es tierra, positivo=retroceso y negativo=acreción"
T026,2025,-80.48891393632508,True,single_point,1,"positivo=hacia el lado left de la línea base; si ese lado es tierra, positivo=retroceso y negativo=acreción"
T026,2026,-22.53408903930213,True,single_point,1,"positivo=hacia el lado left de la línea base; si ese lado es tierra, positivo=retroceso y negativo=acreción"
T027,2016,-7.920990443802964,True,single_point,1,"positivo=hacia el lado left de la línea base; si ese lado es tierra, positivo=retroceso y negativo=acreción"
T027,2017,0.3297955435619376,True,single_point,1,"positivo=hacia el lado left de la línea base; si ese lado es tierra, positivo=retroceso y negativo=acreción"
T027,2018,-89.11602173410223,True,single_point,1,"positivo=hacia el lado left de la línea base; si ese lado es tierra, positivo=retroceso y negativo=acreción"
T027,2019,-2.9128866455133373,True,single_point,1,"positivo=hacia el lado left de la línea base; si ese lado es tierra, positivo=retroceso y negativo=acreción"
T027,2020,-8.110726359384458,True,single_point,1,"positivo=hacia el lado left de la línea base; si ese lado es tierra, positivo=retroceso y negativo=acreción"
T027,2021,-42.82997697203026,True,single_point,1,"positivo=hacia el lado left de la línea base; si ese lado es tierra, positivo=retroceso y negativo=acreción"
T027,2022,,False,no_intersection,0,"positivo=hacia el lado left de la línea base; si ese lado es tierra, positivo=retroceso y negativo=acreción"
T027,2023,-57.27202893588675,True,single_point,1,"positivo=hacia el lado left de la línea base; si ese lado es tierra, positivo=retroceso y negativo=acreción"
T027,2024,-45.06878656535658,True,single_point,1,"positivo=hacia el lado left de la línea base; si ese lado es tierra, positivo=retroceso y negativo=acreción"
T027,2025,-83.65078019201968,True,single_point,1,"positivo=hacia el lado left de la línea base; si ese lado es tierra, positivo=retroceso y negativo=acreción"
T027,2026,-34.421966404795086,True,single_point,1,"positivo=hacia el lado left de la línea base; si ese lado es tierra, positivo=retroceso y negativo=acreción"
T028,2016,-2.5379675004583837,True,single_point,1,"positivo=hacia el lado left de la línea base; si ese lado es tierra, positivo=retroceso y negativo=acreción"
T028,2017,4.199535481681227,True,single_point,1,"positivo=hacia el lado left de la línea base; si ese lado es tierra, positivo=retroceso y negativo=acreción"
T028,2018,-89.33145668347527,True,single_point,1,"positivo=hacia el lado left de la línea base; si ese lado es tierra, positivo=retroceso y negativo=acreción"
T028,2019,6.844826201447136,True,single_point,1,"positivo=hacia el lado left de la línea base; si ese lado es tierra, positivo=retroceso y negativo=acreción"
T028,2020,9.21059191501054,True,single_point,1,"positivo=hacia el lado left de la línea base; si ese lado es tierra, positivo=retroceso y negativo=acreción"
T028,2021,-30.82951128655128,True,single_point,1,"positivo=hacia el lado left de la línea base; si ese lado es tierra, positivo=retroceso y negativo=acreción"
T028,2022,-99.57976335034347,True,single_point,1,"positivo=hacia el lado left de la línea base; si ese lado es tierra, positivo=retroceso y negativo=acreción"
T028,2023,-47.00853141043248,True,single_point,1,"positivo=hacia el lado left de la línea base; si ese lado es tierra, positivo=retroceso y negativo=acreción"
T028,2024,-41.06990842380451,True,single_point,1,"positivo=hacia el lado left de la línea base; si ese lado es tierra, positivo=retroceso y negativo=acreción"
T028,2025,-82.83640169104062,True,single_point,1,"positivo=hacia el lado left de la línea base; si ese lado es tierra, positivo=retroceso y negativo=acreción"
T028,2026,-32.70166432491849,True,single_point,1,"positivo=hacia el lado left de la línea base; si ese lado es tierra, positivo=retroceso y negativo=acreción"
T029,2016,19.311598791214646,True,single_point,1,"positivo=hacia el lado left de la línea base; si ese lado es tierra, positivo=retroceso y negativo=acreción"
T029,2017,12.567759621822255,True,single_point,1,"positivo=hacia el lado left de la línea base; si ese lado es tierra, positivo=retroceso y negativo=acreción"
T029,2018,-69.77128606132335,True,single_point,1,"positivo=hacia el lado left de la línea base; si ese lado es tierra, positivo=retroceso y negativo=acreción"
T029,2019,30.428746775053956,True,single_point,1,"positivo=hacia el lado left de la línea base; si ese lado es tierra, positivo=retroceso y negativo=acreción"
T029,2020,28.995623881912966,True,single_point,1,"positivo=hacia el lado left de la línea base; si ese lado es tierra, positivo=retroceso y negativo=acreción"
T029,2021,-14.801532536849779,True,single_point,1,"positivo=hacia el lado left de la línea base; si ese lado es tierra, positivo=retroceso y negativo=acreción"
T029,2022,-75.22297820136721,True,single_point,1,"positivo=hacia el lado left de la línea base; si ese lado es tierra, positivo=retroceso y negativo=acreción"
T029,2023,-35.581420075663424,True,single_point,1,"positivo=hacia el lado left de la línea base; si ese lado es tierra, positivo=retroceso y negativo=acreción"
T029,2024,-19.907673486481784,True,single_point,1,"positivo=hacia el lado left de la línea base; si ese lado es tierra, positivo=retroceso y negativo=acreción"
T029,2025,-59.74059072501334,True,single_point,1,"positivo=hacia el lado left de la línea base; si ese lado es tierra, positivo=retroceso y negativo=acreción"
T029,2026,-7.5493224123631135,True,single_point,1,"positivo=hacia el lado left de la línea base; si ese lado es tierra, positivo=retroceso y negativo=acreción"
T030,2016,20.288557633702695,True,single_point,1,"positivo=hacia el lado left de la línea base; si ese lado es tierra, positivo=retroceso y negativo=acreción"
T030,2017,27.751786942993363,True,single_point,1,"positivo=hacia el lado left de la línea base; si ese lado es tierra, positivo=retroceso y negativo=acreción"
T030,2018,-67.10982958261741,True,single_point,1,"positivo=hacia el lado left de la línea base; si ese lado es tierra, positivo=retroceso y negativo=acreción"
T030,2019,32.61270374367269,True,single_point,1,"positivo=hacia el lado left de la línea base; si ese lado es tierra, positivo=retroceso y negativo=acreción"
T030,2020,21.037475401070886,True,single_point,1,"positivo=hacia el lado left de la línea base; si ese lado es tierra, positivo=retroceso y negativo=acreción"
T030,2021,-10.339119752113753,True,single_point,1,"positivo=hacia el lado left de la línea base; si ese lado es tierra, positivo=retroceso y negativo=acreción"
T030,2022,-52.26978773614831,True,single_point,1,"positivo=hacia el lado left de la línea base; si ese lado es tierra, positivo=retroceso y negativo=acreción"
T030,2023,-36.562621434125475,True,single_point,1,"positivo=hacia el lado left de la línea base; si ese lado es tierra, positivo=retroceso y negativo=acreción"
T030,2024,-22.22453049492706,True,single_point,1,"positivo=hacia el lado left de la línea base; si ese lado es tierra, positivo=retroceso y negativo=acreción"
T030,2025,-79.00737352320068,True,single_point,1,"positivo=hacia el lado left de la línea base; si ese lado es tierra, positivo=retroceso y negativo=acreción"
T030,2026,-3.4300667370126607,True,single_point,1,"positivo=hacia el lado left de la línea base; si ese lado es tierra, positivo=retroceso y negativo=acreción"
T031,2016,-2.6445202010607787,True,single_point,1,"positivo=hacia el lado left de la línea base; si ese lado es tierra, positivo=retroceso y negativo=acreción"
T031,2017,-26.46022214340528,True,single_point,1,"positivo=hacia el lado left de la línea base; si ese lado es tierra, positivo=retroceso y negativo=acreción"
T031,2018,-90.6989491400304,True,single_point,1,"positivo=hacia el lado left de la línea base; si ese lado es tierra, positivo=retroceso y negativo=acreción"
T031,2019,-11.864768963858596,True,single_point,1,"positivo=hacia el lado left de la línea base; si ese lado es tierra, positivo=retroceso y negativo=acreción"
T031,2020,-3.9813577845435146,True,single_point,1,"positivo=hacia el lado left de la línea base; si ese lado es tierra, positivo=retroceso y negativo=acreción"
T031,2021,-39.64115941040132,True,single_point,1,"positivo=hacia el lado left de la línea base; si ese lado es tierra, positivo=retroceso y negativo=acreción"
T031,2022,-87.20780002760074,True,single_point,1,"positivo=hacia el lado left de la línea base; si ese lado es tierra, positivo=retroceso y negativo=acreción"
T031,2023,-88.01407483877891,True,single_point,1,"positivo=hacia el lado left de la línea base; si ese lado es tierra, positivo=retroceso y negativo=acreción"
T031,2024,-52.54507209241112,True,single_point,1,"positivo=hacia el lado left de la línea base; si ese lado es tierra, positivo=retroceso y negativo=acreción"
T031,2025,,False,no_intersection,0,"positivo=hacia el lado left de la línea base; si ese lado es tierra, positivo=retroceso y negativo=acreción"
T031,2026,-30.227876397116567,True,single_point,1,"positivo=hacia el lado left de la línea base; si ese lado es tierra, positivo=retroceso y negativo=acreción"
T032,2016,-19.377262059265032,True,single_point,1,"positivo=hacia el lado left de la línea base; si ese lado es tierra, positivo=retroceso y negativo=acreción"
T032,2017,-55.269403196807644,True,single_point,1,"positivo=hacia el lado left de la línea base; si ese lado es tierra, positivo=retroceso y negativo=acreción"
T032,2018,,False,no_intersection,0,"positivo=hacia el lado left de la línea base; si ese lado es tierra, positivo=retroceso y negativo=acreción"
T032,2019,-53.914615143410074,True,single_point,1,"positivo=hacia el lado left de la línea base; si ese lado es tierra, positivo=retroceso y negativo=acreción"
T032,2020,-12.940937148310024,True,single_point,1,"positivo=hacia el lado left de la línea base; si ese lado es tierra, positivo=retroceso y negativo=acreción"
T032,2021,-71.0758922704855,True,single_point,1,"positivo=hacia el lado left de la línea base; si ese lado es tierra, positivo=retroceso y negativo=acreción"
T032,2022,,False,no_intersection,0,"positivo=hacia el lado left de la línea base; si ese lado es tierra, positivo=retroceso y negativo=acreción"
T032,2023,,False,no_intersection,0,"positivo=hacia el lado left de la línea base; si ese lado es tierra, positivo=retroceso y negativo=acreción"
T032,2024,-74.75558069319234,True,single_point,1,"positivo=hacia el lado left de la línea base; si ese lado es tierra, positivo=retroceso y negativo=acreción"
T032,2025,,False,no_intersection,0,"positivo=hacia el lado left de la línea base; si ese lado es tierra, positivo=retroceso y negativo=acreción"
T032,2026,-48.208266308432485,True,single_point,1,"positivo=hacia el lado left de la línea base; si ese lado es tierra, positivo=retroceso y negativo=acreción"
T033,2016,-25.514713597032845,True,single_point,1,"positivo=hacia el lado left de la línea base; si ese lado es tierra, positivo=retroceso y negativo=acreción"
T033,2017,-33.80277210911883,True,single_point,1,"positivo=hacia el lado left de la línea base; si ese lado es tierra, positivo=retroceso y negativo=acreción"
T033,2018,,False,no_intersection,0,"positivo=hacia el lado left de la línea base; si ese lado es tierra, positivo=retroceso y negativo=acreción"
T033,2019,-54.725212753006616,True,single_point,1,"positivo=hacia el lado left de la línea base; si ese lado es tierra, positivo=retroceso y negativo=acreción"
T033,2020,-10.775603533932003,True,single_point,1,"positivo=hacia el lado left de la línea base; si ese lado es tierra, positivo=retroceso y negativo=acreción"
T033,2021,-80.92736676025689,True,single_point,1,"positivo=hacia el lado left de la línea base; si ese lado es tierra, positivo=retroceso y negativo=acreción"
T033,2022,,False,no_intersection,0,"positivo=hacia el lado left de la línea base; si ese lado es tierra, positivo=retroceso y negativo=acreción"
T033,2023,,False,no_intersection,0,"positivo=hacia el lado left de la línea base; si ese lado es tierra, positivo=retroceso y negativo=acreción"
T033,2024,-74.97173074579057,True,single_point,1,"positivo=hacia el lado left de la línea base; si ese lado es tierra, positivo=retroceso y negativo=acreción"
T033,2025,,False,no_intersection,0,"positivo=hacia el lado left de la línea base; si ese lado es tierra, positivo=retroceso y negativo=acreción"
T033,2026,-47.8556368968905,True,single_point,1,"positivo=hacia el lado left de la línea base; si ese lado es tierra, positivo=retroceso y negativo=acreción"
T034,2016,-23.1097710508759,True,single_point,1,"positivo=hacia el lado left de la línea base; si ese lado es tierra, positivo=retroceso y negativo=acreción"
T034,2017,-32.23776232398991,True,single_point,1,"positivo=hacia el lado left de la línea base; si ese lado es tierra, positivo=retroceso y negativo=acreción"
T034,2018,,False,no_intersection,0,"positivo=hacia el lado left de la línea base; si ese lado es tierra, positivo=retroceso y negativo=acreción"
T034,2019,-37.465241881355595,True,single_point,1,"positivo=hacia el lado left de la línea base; si ese lado es tierra, positivo=retroceso y negativo=acreción"
T034,2020,-16.735846107488488,True,single_point,1,"positivo=hacia el lado left de la línea base; si ese lado es tierra, positivo=retroceso y negativo=acreción"
T034,2021,-96.76118306149132,True,single_point,1,"positivo=hacia el lado left de la línea base; si ese lado es tierra, positivo=retroceso y negativo=acreción"
T034,2022,-74.27176687279447,True,single_point,1,"positivo=hacia el lado left de la línea base; si ese lado es tierra, positivo=retroceso y negativo=acreción"
T034,2023,,False,no_intersection,0,"positivo=hacia el lado left de la línea base; si ese lado es tierra, positivo=retroceso y negativo=acreción"
T034,2024,-79.09808051451796,True,single_point,1,"positivo=hacia el lado left de la línea base; si ese lado es tierra, positivo=retroceso y negativo=acreción"
T034,2025,,False,no_intersection,0,"positivo=hacia el lado left de la línea base; si ese lado es tierra, positivo=retroceso y negativo=acreción"
T034,2026,-48.474899318397675,True,single_point,1,"positivo=hacia el lado left de la línea base; si ese lado es tierra, positivo=retroceso y negativo=acreción"
T035,2016,-5.727125224054432,True,single_point,1,"positivo=hacia el lado left de la línea base; si ese lado es tierra, positivo=retroceso y negativo=acreción"
T035,2017,-12.069843891085387,True,single_point,1,"positivo=hacia el lado left de la línea base; si ese lado es tierra, positivo=retroceso y negativo=acreción"
T035,2018,,False,no_intersection,0,"positivo=hacia el lado left de la línea base; si ese lado es tierra, positivo=retroceso y negativo=acreción"
T035,2019,-26.474725340239278,True,single_point,1,"positivo=hacia el lado left de la línea base; si ese lado es tierra, positivo=retroceso y negativo=acreción"
T035,2020,-11.785684617214272,True,single_point,1,"positivo=hacia el lado left de la línea base; si ese lado es tierra, positivo=retroceso y negativo=acreción"
T035,2021,-89.80295925514568,True,single_point,1,"positivo=hacia el lado left de la línea base; si ese lado es tierra, positivo=retroceso y negativo=acreción"
T035,2022,-99.68931486929628,True,single_point,1,"positivo=hacia el lado left de la línea base; si ese lado es tierra, positivo=retroceso y negativo=acreción"
T035,2023,-98.89256922191672,True,single_point,1,"positivo=hacia el lado left de la línea base; si ese lado es tierra, positivo=retroceso y negativo=acreción"
T035,2024,-69.4089427190503,True,single_point,1,"positivo=hacia el lado left de la línea base; si ese lado es tierra, positivo=retroceso y negativo=acreción"
T035,2025,,False,no_intersection,0,"positivo=hacia el lado left de la línea base; si ese lado es tierra, positivo=retroceso y negativo=acreción"
T035,2026,-35.757828809093205,True,single_point,1,"positivo=hacia el lado left de la línea base; si ese lado es tierra, positivo=retroceso y negativo=acreción"
T036,2016,3.770144159988531,True,single_point,1,"positivo=hacia el lado left de la línea base; si ese lado es tierra, positivo=retroceso y negativo=acreción"
T036,2017,-0.32241254110097417,True,single_point,1,"positivo=hacia el lado left de la línea base; si ese lado es tierra, positivo=retroceso y negativo=acreción"
T036,2018,-78.88122000542629,True,single_point,1,"positivo=hacia el lado left de la línea base; si ese lado es tierra, positivo=retroceso y negativo=acreción"
T036,2019,-7.998874512396963,True,single_point,1,"positivo=hacia el lado left de la línea base; si ese lado es tierra, positivo=retroceso y negativo=acreción"
T036,2020,1.8160052409593472,True,single_point,1,"positivo=hacia el lado left de la línea base; si ese lado es tierra, positivo=retroceso y negativo=acreción"
T036,2021,-79.80948794318174,True,single_point,1,"positivo=hacia el lado left de la línea base; si ese lado es tierra, positivo=retroceso y negativo=acreción"
T036,2022,-98.28501909874667,True,single_point,1,"positivo=hacia el lado left de la línea base; si ese lado es tierra, positivo=retroceso y negativo=acreción"
T036,2023,-87.83047671989316,True,single_point,1,"positivo=hacia el lado left de la línea base; si ese lado es tierra, positivo=retroceso y negativo=acreción"
T036,2024,-59.65686412456649,True,single_point,1,"positivo=hacia el lado left de la línea base; si ese lado es tierra, positivo=retroceso y negativo=acreción"
T036,2025,,False,no_intersection,0,"positivo=hacia el lado left de la línea base; si ese lado es tierra, positivo=retroceso y negativo=acreción"
T036,2026,-8.546764902354363,True,single_point,1,"positivo=hacia el lado left de la línea base; si ese lado es tierra, positivo=retroceso y negativo=acreción"
T037,2016,6.111753086044265,True,single_point,1,"positivo=hacia el lado left de la línea base; si ese lado es tierra, positivo=retroceso y negativo=acreción"
T037,2017,-4.018385845675311,True,single_point,1,"positivo=hacia el lado left de la línea base; si ese lado es tierra, positivo=retroceso y negativo=acreción"
T037,2018,-76.88957325988565,True,single_point,1,"positivo=hacia el lado left de la línea base; si ese lado es tierra, positivo=retroceso y negativo=acreción"
T037,2019,0.7609604314373881,True,single_point,1,"positivo=hacia el lado left de la línea base; si ese lado es tierra, positivo=retroceso y negativo=acreción"
T037,2020,3.464875413716525,True,single_point,1,"positivo=hacia el lado left de la línea base; si ese lado es tierra, positivo=retroceso y negativo=acreción"
T037,2021,-83.22594920611336,True,single_point,1,"positivo=hacia el lado left de la línea base; si ese lado es tierra, positivo=retroceso y negativo=acreción"
T037,2022,,False,no_intersection,0,"positivo=hacia el lado left de la línea base; si ese lado es tierra, positivo=retroceso y negativo=acreción"
T037,2023,-87.13631409007374,True,single_point,1,"positivo=hacia el lado left de la línea base; si ese lado es tierra, positivo=retroceso y negativo=acreción"
T037,2024,-52.367928773397495,True,single_point,1,"positivo=hacia el lado left de la línea base; si ese lado es tierra, positivo=retroceso y negativo=acreción"
T037,2025,,False,no_intersection,0,"positivo=hacia el lado left de la línea base; si ese lado es tierra, positivo=retroceso y negativo=acreción"
T037,2026,-10.492046949301749,True,single_point,1,"positivo=hacia el lado left de la línea base; si ese lado es tierra, positivo=retroceso y negativo=acreción"
T038,2016,-9.938381940226861,True,single_point,1,"positivo=hacia el lado left de la línea base; si ese lado es tierra, positivo=retroceso y negativo=acreción"
T038,2017,-17.987786894821866,True,single_point,1,"positivo=hacia el lado left de la línea base; si ese lado es tierra, positivo=retroceso y negativo=acreción"
T038,2018,-92.8431620546927,True,single_point,1,"positivo=hacia el lado left de la línea base; si ese lado es tierra, positivo=retroceso y negativo=acreción"
T038,2019,-12.642604854909774,True,single_point,1,"positivo=hacia el lado left de la línea base; si ese lado es tierra, positivo=retroceso y negativo=acreción"
T038,2020,-13.767387952958952,True,single_point,1,"positivo=hacia el lado left de la línea base; si ese lado es tierra, positivo=retroceso y negativo=acreción"
T038,2021,-99.87284187804809,True,single_point,1,"positivo=hacia el lado left de la línea base; si ese lado es tierra, positivo=retroceso y negativo=acreción"
T038,2022,,False,no_intersection,0,"positivo=hacia el lado left de la línea base; si ese lado es tierra, positivo=retroceso y negativo=acreción"
T038,2023,,False,no_intersection,0,"positivo=hacia el lado left de la línea base; si ese lado es tierra, positivo=retroceso y negativo=acreción"
T038,2024,,False,no_intersection,0,"positivo=hacia el lado left de la línea base; si ese lado es tierra, positivo=retroceso y negativo=acreción"
T038,2025,,False,no_intersection,0,"positivo=hacia el lado left de la línea base; si ese lado es tierra, positivo=retroceso y negativo=acreción"
T038,2026,-34.17647721439074,True,single_point,1,"positivo=hacia el lado left de la línea base; si ese lado es tierra, positivo=retroceso y negativo=acreción"
T039,2016,,False,no_intersection,0,"positivo=hacia el lado left de la línea base; si ese lado es tierra, positivo=retroceso y negativo=acreción"
T039,2017,,False,no_intersection,0,"positivo=hacia el lado left de la línea base; si ese lado es tierra, positivo=retroceso y negativo=acreción"
T039,2018,-91.9654183582966,True,single_point,1,"positivo=hacia el lado left de la línea base; si ese lado es tierra, positivo=retroceso y negativo=acreción"
T039,2019,,False,no_intersection,0,"positivo=hacia el lado left de la línea base; si ese lado es tierra, positivo=retroceso y negativo=acreción"
T039,2020,,False,no_intersection,0,"positivo=hacia el lado left de la línea base; si ese lado es tierra, positivo=retroceso y negativo=acreción"
T039,2021,-96.48271253718264,True,nearest_of_multiple,2,"positivo=hacia el lado left de la línea base; si ese lado es tierra, positivo=retroceso y negativo=acreción"
T039,2022,,False,no_intersection,0,"positivo=hacia el lado left de la línea base; si ese lado es tierra, positivo=retroceso y negativo=acreción"
T039,2023,,False,no_intersection,0,"positivo=hacia el lado left de la línea base; si ese lado es tierra, positivo=retroceso y negativo=acreción"
T039,2024,,False,no_intersection,0,"positivo=hacia el lado left de la línea base; si ese lado es tierra, positivo=retroceso y negativo=acreción"
T039,2025,,False,no_intersection,0,"positivo=hacia el lado left de la línea base; si ese lado es tierra, positivo=retroceso y negativo=acreción"
T039,2026,,False,no_intersection,0,"positivo=hacia el lado left de la línea base; si ese lado es tierra, positivo=retroceso y negativo=acreción"
